Model,Time(s),Accuracy,F1_weighted,ROC_AUC
RandomForest,0.4,0.8491620111731844,0.8493073224883253,0.90997425997426
KNN,0.0,0.8268156424581006,0.8266369694903299,0.866924066924067
LogisticReg,0.0,0.8044692737430168,0.8038235190375541,0.8864864864864865
DecisionTree,0.0,0.8044692737430168,0.8049947426301649,0.8060489060489061
NaiveBayes,0.1,0.7877094972067039,0.7867450413918331,0.8281853281853282
