Model,Time(s),Accuracy,F1_weighted,ROC_AUC
KNN,0.0,0.8324022346368715,0.8316408221514471,0.875032175032175
LogisticReg,0.0,0.8044692737430168,0.8027693955463191,0.875032175032175
RandomForest,0.4,0.8044692737430168,0.8038235190375541,0.8884169884169884
DecisionTree,0.1,0.770949720670391,0.771565269938193,0.7856499356499357
NaiveBayes,0.0,0.7653631284916201,0.7657993124194242,0.8395109395109396
