Model,Time(s),Accuracy,F1_weighted,ROC_AUC
RandomForest,0.4,0.8379888268156425,0.838144901931905,0.9081081081081082
KNN,0.0,0.8156424581005587,0.8158200608190642,0.8675675675675676
LogisticReg,0.0,0.8044692737430168,0.8038235190375541,0.8858429858429858
DecisionTree,0.1,0.7932960893854749,0.7938515850661741,0.7907335907335907
NaiveBayes,0.0,0.7821229050279329,0.7808473194987422,0.8284427284427285
