Model,Time(s),Accuracy,F1_weighted,ROC_AUC
GradientBoosting,0.1,0.875,0.8751097985764046,0.9268115062507586
RandomForest,0.3,0.8641304347826086,0.8642497810613093,0.9316057774001699
SVM,0.1,0.8532608695652174,0.8531225837149826,0.9441679815511591
LogisticReg,0.0,0.8478260869565217,0.8487357827542469,0.9240199053283166
DecisionTree,0.0,0.8478260869565217,0.8480837592814623,0.8454909576404904
KNN,0.0,0.842391304347826,0.842529746031119,0.9037504551523243
