Model,Time(s),Accuracy,F1_weighted,ROC_AUC
HistGradientBoosting,2.4,0.5301,0.5300369539455876,0.7093671530918403
RandomForest,1.6,0.5147,0.5149594655474197,0.6916440915115704
LogisticReg,0.4,0.5117,0.49688315017577417,0.7122855382490462
NaiveBayes,0.2,0.5099,0.5023841509742748,0.693646187951079
DecisionTree,0.5,0.4309,0.4308579579043371,0.5695357353013687
