Model,Time(s),Accuracy,F1_weighted,ROC_AUC
RandomForest,9.3,0.8506155469574394,0.8376022411194363,0.8756989195829522
GradientBoosting,51.4,0.8448469926134365,0.831941227552932,0.8606834421655853
LogisticRegression,2.2,0.8391839606049947,0.8265392114814439,0.8537919232514736
KNN,6.3,0.823425958494548,0.8093944297977598,0.7951539779959124
DecisionTree,3.0,0.7826591628561379,0.7839576053825456,0.6944844725606968
NaiveBayes,0.7,0.7072458670418572,0.7268265545511456,0.753594755344753
