Model,Time(s),Accuracy,F1_weighted,ROC_AUC
NaiveBayes,0.0,0.7662337662337663,0.7679249670568173,0.8253443526170798
DecisionTree,0.0,0.7467532467532467,0.7503001200480192,0.7424242424242424
SVM,0.0,0.7337662337662337,0.7292649098474341,0.805050505050505
RandomForest,0.5,0.7337662337662337,0.7342897647466176,0.8198347107438017
GradientBoosting,0.4,0.7337662337662337,0.7368518625063128,0.7864095500459137
KNN,0.0,0.6948051948051948,0.6896451405568147,0.7640955004591368
